{"cameraMode":{"drawMode":0,"name":"Shaded","section":"Shading Mode"},"sceneLighting":false,"audioPlay":false,"sceneViewState":{"m_AlwaysRefresh":false,"showFog":true,"showSkybox":false,"showFlares":true,"showImageEffects":true,"showParticleSystems":true,"showVisualEffectGraphs":true,"m_FxEnabled":true},"in2DMode":false,"pivot":{"x":0.042366135865449908,"y":-0.7174504995346069,"z":2.6576907634735109},"rotation":{"x":0.14055287837982179,"y":0.003853617236018181,"z":-0.0005695674917660654,"w":0.9901421666145325},"size":0.8781221508979797,"orthographic":false}