{"cameraMode":{"drawMode":0,"name":"Shaded","section":"Shading Mode"},"sceneLighting":false,"audioPlay":false,"sceneViewState":{"m_AlwaysRefresh":false,"showFog":true,"showSkybox":true,"showFlares":true,"showImageEffects":true,"showParticleSystems":true,"showVisualEffectGraphs":true,"m_FxEnabled":true},"in2DMode":false,"pivot":{"x":-0.612948477268219,"y":-2.077512741088867,"z":18.782733917236329},"rotation":{"x":0.052184149622917178,"y":-0.014085705392062664,"z":0.0007316929986700416,"w":0.9985925555229187},"size":12.12435531616211,"orthographic":false}