{"cameraMode":{"drawMode":0,"name":"Shaded","section":"Shading Mode"},"sceneLighting":true,"audioPlay":false,"sceneViewState":{"m_AlwaysRefresh":false,"showFog":true,"showSkybox":true,"showFlares":true,"showImageEffects":true,"showParticleSystems":true,"showVisualEffectGraphs":true,"m_FxEnabled":true},"in2DMode":false,"pivot":{"x":-3.787625312805176,"y":11.510397911071778,"z":17.132369995117189},"rotation":{"x":-0.013822713866829872,"y":-0.9526822566986084,"z":0.3029288649559021,"w":-0.047217417508363727},"size":0.19267046451568604,"orthographic":false}